{
  "project_info": {
    "project_number": "397370170277",
    "firebase_url": "https://notepad-f6961-default-rtdb.firebaseio.com",
    "project_id": "notepad-f6961",
    "storage_bucket": "notepad-f6961.appspot.com"
  },
  "client": [
    {
      "client_info": {
        "mobilesdk_app_id": "1:397370170277:android:9c09d2ba839ee2a061664c",
        "android_client_info": {
          "package_name": "com.example.noteapp"
        }
      },
      "oauth_client": [
        {
          "client_id": "397370170277-isfkdf97hmsutbr6398abjsdjo4r2bg8.apps.googleusercontent.com",
          "client_type": 3
        }
      ],
      "api_key": [
        {
          "current_key": "AIzaSyAXcRhQO1h0lzP8PKFpSqh2kOgAH1kpsP8"
        }
      ],
      "services": {
        "appinvite_service": {
          "other_platform_oauth_client": [
            {
              "client_id": "397370170277-isfkdf97hmsutbr6398abjsdjo4r2bg8.apps.googleusercontent.com",
              "client_type": 3
            }
          ]
        }
      }
    }
  ],
  "configuration_version": "1"
}